member_id,symbol,quote_symbol,start_date,end_date,reason
spell-AABA-19991208,AABA,AABA,1999-12-08,2017-06-19,The downloaded series had no rows inside the membership spell.
permno-42235-19750814,AAF,AAF,1975-08-14,1978-10-25,The downloaded series had no rows inside the membership spell.
spell-AAMRQ-19960102,AAMRQ,AAMRQ,1996-01-02,2003-03-14,The downloaded series had no rows inside the membership spell.
permno-15843-19570301,ABA,ABA,1957-03-01,1973-05-30,The downloaded series had no rows inside the membership spell.
permno-15974-19570301,ABG,ABG,1957-03-01,1968-09-10,The downloaded series had no rows inside the membership spell.
permno-10030-19570301,ABK,ABK,1957-03-01,1969-01-08,The downloaded series had no rows inside the membership spell.
spell-ABKFQ-20001211,ABKFQ,ABKFQ,2000-12-11,2008-06-11,The downloaded series had no rows inside the membership spell.
spell-ABMD-20180531,ABMD,ABMD,2018-05-31,2022-12-22,The downloaded series had no rows inside the membership spell.
spell-ABX-19960102,ABX,ABX,1996-01-02,2002-07-22,The downloaded series had no rows inside the membership spell.
spell-ACAS-20070709,ACAS,ACAS,2007-07-09,2009-03-04,The downloaded series had no rows inside the membership spell.
permno-10006-19570301,ACF,ACF,1957-03-01,1984-07-18,The downloaded series had no rows inside the membership spell.
permno-10292-19570301,ACJ,ACJ,1957-03-01,1962-09-26,The downloaded series had no rows inside the membership spell.
permno-19692-19570301,ACK,ACK,1957-03-01,1996-01-02,The downloaded series had no rows inside the membership spell.
spell-ACKH-19960102,ACKH,ACKH,1996-01-02,2000-11-17,The downloaded series had no rows inside the membership spell.
permno-23341-19570301,ACY,ACY,1957-03-01,1994-09-26,The downloaded series had no rows inside the membership spell.
permno-10487-19570301,AD,AD,1957-03-01,1986-05-07,The downloaded series had no rows inside the membership spell.
spell-ADCT-19990802,ADCT,ADCT,1999-08-02,2007-07-02,The downloaded series had no rows inside the membership spell.
permno-22488-19570301,ADL,ADL,1957-03-01,1974-04-10,The downloaded series had no rows inside the membership spell.
spell-ADS-20131223,ADS,ADS,2013-12-23,2020-06-22,The downloaded series had no rows inside the membership spell.
spell-ADT-20121002,ADT,ADT,2012-10-02,2016-05-02,The downloaded series had no rows inside the membership spell.
permno-21645-19570301,AEX,AEX,1957-03-01,1965-02-12,The downloaded series had no rows inside the membership spell.
spell-AFS_A-19980408,AFS.A,AFS-A,1998-04-08,2000-12-01,The downloaded series had no rows inside the membership spell.
permno-24555-19570301,AGM,AGM,1957-03-01,1982-10-06,The downloaded series had no rows inside the membership spell.
permno-10209-19570301,AHD,AHD,1957-03-01,1963-10-16,The downloaded series had no rows inside the membership spell.
permno-27190-19720914,AHS,AHS,1972-09-14,1985-11-20,The downloaded series had no rows inside the membership spell.
permno-21194-19580423,AIC,AIC,1958-04-23,1976-06-30,The downloaded series had no rows inside the membership spell.
spell-AKS-20080701,AKS,AKS,2008-07-01,2011-12-19,The downloaded series had no rows inside the membership spell.
permno-17304-19570301,ALS,ALS,1957-03-01,1987-01-07,The downloaded series had no rows inside the membership spell.
spell-ALTR-20000418,ALTR,ALTR,2000-04-18,2015-12-28,The downloaded series had no rows inside the membership spell.
spell-ALXN-20120525,ALXN,ALXN,2012-05-25,2021-07-21,The downloaded series had no rows inside the membership spell.
spell-AMCC-20010102,AMCC,AMCC,2001-01-02,2006-05-18,The downloaded series had no rows inside the membership spell.
permno-15763-19570301,AMF,AMF,1957-03-01,1985-10-09,The downloaded series had no rows inside the membership spell.
spell-AMH-19960102,AMH,AMH,1996-01-02,1997-09-15,The downloaded series had no rows inside the membership spell.
permno-46754-19790208,AMI,AMI,1979-02-08,1989-10-25,The downloaded series had no rows inside the membership spell.
permno-10321-19570301,AMO,AMO,1957-03-01,1987-08-05,The downloaded series had no rows inside the membership spell.
permno-10161-19570301,AMX,AMX,1957-03-01,1993-11-12,The downloaded series had no rows inside the membership spell.
spell-ANRZQ-20110602,ANRZQ,ANRZQ,2011-06-02,2012-10-02,The downloaded series had no rows inside the membership spell.
spell-ANSS-20170619,ANSS,ANSS,2017-06-19,2025-07-18,The downloaded series had no rows inside the membership spell.
spell-ANTM-20020725,ANTM,ANTM,2002-07-25,2022-06-28,The downloaded series had no rows inside the membership spell.
spell-ANV-19960102,ANV,ANV,1996-01-02,1999-04-12,The downloaded series had no rows inside the membership spell.
spell-APCC-20000601,APCC,APCC,2000-06-01,2007-02-15,The downloaded series had no rows inside the membership spell.
spell-APOL-20020515,APOL,APOL,2002-05-15,2013-07-01,The downloaded series had no rows inside the membership spell.
permno-39271-19680912,ARA,ARA,1968-09-12,1984-12-26,The downloaded series had no rows inside the membership spell.
spell-ARG-20090909,ARG,ARG,2009-09-09,2016-05-23,The downloaded series had no rows inside the membership spell.
spell-ARNC-19960102,ARNC,ARNC,1996-01-02,2020-04-06,The downloaded series had no rows inside the membership spell.
spell-ASND-19980612,ASND,ASND,1998-06-12,1999-06-25,The downloaded series had no rows inside the membership spell.
spell-ASO-19990310,ASO,ASO,1999-03-10,2006-11-06,The downloaded series had no rows inside the membership spell.
permno-10372-19570301,AST,AST,1957-03-01,1988-04-27,The downloaded series had no rows inside the membership spell.
permno-20431-19570301,ATS,ATS,1957-03-01,1969-07-02,The downloaded series had no rows inside the membership spell.
spell-ATVI-20150831,ATVI,ATVI,2015-08-31,2023-10-18,The downloaded series had no rows inside the membership spell.
permno-19668-19570301,AUD,AUD,1957-03-01,1965-01-06,The downloaded series had no rows inside the membership spell.
spell-AV-20001002,AV,AV,2000-10-02,2007-10-26,The downloaded series had no rows inside the membership spell.
spell-AW-19990802,AW,AW,1999-08-02,2008-12-05,The downloaded series had no rows inside the membership spell.
permno-17689-19570301,AWC,AWC,1957-03-01,1964-01-15,The downloaded series had no rows inside the membership spell.
spell-AWE-20010709,AWE,AWE,2001-07-09,2004-10-27,The downloaded series had no rows inside the membership spell.
permno-10591-19570301,AX,AX,1957-03-01,1967-06-28,The downloaded series had no rows inside the membership spell.
permno-64856-19901212,AZA,AZA,1990-12-12,1996-01-02,The downloaded series had no rows inside the membership spell.
spell-AZA_A-19960102,AZA.A,AZA-A,1996-01-02,2001-06-25,The downloaded series had no rows inside the membership spell.
permno-24854-19570301,BAW,BAW,1957-03-01,1978-04-12,The downloaded series had no rows inside the membership spell.
spell-BAY-19960212,BAY,BAY,1996-02-12,1998-08-31,The downloaded series had no rows inside the membership spell.
spell-BBI-19960102,BBI,BBI,1996-01-02,1998-01-12,The downloaded series had no rows inside the membership spell.
permno-44273-19760115,BBL,BBL,1976-01-15,1984-11-21,The downloaded series had no rows inside the membership spell.
spell-BEAM-19960102,BEAM,BEAM,1996-01-02,2014-05-01,The downloaded series had no rows inside the membership spell.
permno-23296-19570301,BEM,BEM,1957-03-01,1967-05-17,The downloaded series had no rows inside the membership spell.
permno-18331-19580924,BF,BF,1958-09-24,1978-05-03,The downloaded series had no rows inside the membership spell.
spell-BFO-19960102,BFO,BFO,1996-01-02,2000-10-03,The downloaded series had no rows inside the membership spell.
spell-BGEN-20000131,BGEN,BGEN,2000-01-31,2003-11-13,The downloaded series had no rows inside the membership spell.
permno-19270-19570301,BGS,BGS,1957-03-01,1967-04-12,The downloaded series had no rows inside the membership spell.
permno-17582-19570301,BHL,BHL,1957-03-01,1963-08-28,The downloaded series had no rows inside the membership spell.
spell-BHMSQ-19960102,BHMSQ,BHMSQ,1996-01-02,2000-12-11,The downloaded series had no rows inside the membership spell.
spell-BIG-19980120,BIG,BIG,1998-01-20,2013-02-14,The downloaded series had no rows inside the membership spell.
spell-BJS-20020515,BJS,BJS,2002-05-15,2010-04-29,The downloaded series had no rows inside the membership spell.
permno-57488-19750206,BKI,BKI,1975-02-06,1985-10-23,The downloaded series had no rows inside the membership spell.
permno-28134-19620110,BKO,BKO,1962-01-10,1987-04-08,The downloaded series had no rows inside the membership spell.
permno-17718-19570301,BLD,BLD,1957-03-01,1968-04-03,The downloaded series had no rows inside the membership spell.
spell-BLY-19960102,BLY,BLY,1996-01-02,1996-12-19,The downloaded series had no rows inside the membership spell.
spell-BMGCA-19960722,BMGCA,BMGCA,1996-07-22,1999-08-09,The downloaded series had no rows inside the membership spell.
permno-42606-19680404,BNS,BNS,1968-04-04,1992-07-02,The downloaded series had no rows inside the membership spell.
permno-27561-19570301,BO,BO,1957-03-01,1966-12-14,The downloaded series had no rows inside the membership spell.
permno-17590-19570301,BOR,BOR,1957-03-01,1987-08-05,The downloaded series had no rows inside the membership spell.
spell-BRCM-20000703,BRCM,BRCM,2000-07-03,2016-02-01,The downloaded series had no rows inside the membership spell.
spell-BRL-20060227,BRL,BRL,2006-02-27,2008-12-23,The downloaded series had no rows inside the membership spell.
permno-19589-19910522,BRNO,BRNO,1991-05-22,1995-08-17,The downloaded series had no rows inside the membership spell.
permno-17953-19570301,BRY,BRY,1957-03-01,1986-04-23,The downloaded series had no rows inside the membership spell.
permno-10786-19570301,BS,BS,1957-03-01,1996-01-02,The downloaded series had no rows inside the membership spell.
spell-BSC-19980701,BSC,BSC,1998-07-01,2008-06-02,The downloaded series had no rows inside the membership spell.
permno-25144-19661215,BSE,BSE,1966-12-15,1976-06-30,The downloaded series had no rows inside the membership spell.
spell-BTUUQ-20061120,BTUUQ,BTUUQ,2006-11-20,2014-09-22,The downloaded series had no rows inside the membership spell.
permno-20677-19570301,BUR,BUR,1957-03-01,1987-09-09,The downloaded series had no rows inside the membership spell.
spell-BVSN-20001106,BVSN,BVSN,2000-11-06,2001-09-04,The downloaded series had no rows inside the membership spell.
permno-29911-19660519,BWN,BWN,1966-05-19,1980-11-19,The downloaded series had no rows inside the membership spell.
spell-BXLT-20150701,BXLT,BXLT,2015-07-01,2016-06-03,The downloaded series had no rows inside the membership spell.
permno-10727-19570301,BYK,BYK,1957-03-01,1970-06-24,The downloaded series had no rows inside the membership spell.
spell-CA-19960102,CA,CA,1996-01-02,2018-11-06,The downloaded series had no rows inside the membership spell.
spell-CAM-20080129,CAM,CAM,2008-01-29,2016-04-04,The downloaded series had no rows inside the membership spell.
spell-CBB-19960102,CBB,CBB,1996-01-02,1998-01-28,The downloaded series had no rows inside the membership spell.
spell-CBH-20060606,CBH,CBH,2006-06-06,2008-03-31,The downloaded series had no rows inside the membership spell.
permno-28505-19670518,CBM,CBM,1967-05-18,1987-02-11,The downloaded series had no rows inside the membership spell.
spell-CBSS-20041220,CBSS,CBSS,2004-12-20,2007-09-07,The downloaded series had no rows inside the membership spell.
spell-CCE-19981008,CCE,CCE,1998-10-08,2016-05-31,The downloaded series had no rows inside the membership spell.
permno-21282-19730301,CCN,CCN,1973-03-01,1976-06-30,The downloaded series had no rows inside the membership spell.
spell-CCTYQ-19960102,CCTYQ,CCTYQ,1996-01-02,2008-03-31,The downloaded series had no rows inside the membership spell.
permno-15835-19570301,CD,CD,1957-03-01,1968-07-23,The downloaded series had no rows inside the membership spell.
spell-CDAY-20210920,CDAY,CDAY,2021-09-20,2024-02-01,The downloaded series had no rows inside the membership spell.
permno-11092-19570301,CDP,CDP,1957-03-01,1976-03-03,The downloaded series had no rows inside the membership spell.
permno-11391-19570301,CDR,CDR,1957-03-01,1968-01-17,The downloaded series had no rows inside the membership spell.
spell-CELG-20061106,CELG,CELG,2006-11-06,2019-11-21,The downloaded series had no rows inside the membership spell.
spell-CEPH-20081117,CEPH,CEPH,2008-11-17,2011-10-14,The downloaded series had no rows inside the membership spell.
spell-CERN-20100430,CERN,CERN,2010-04-30,2022-06-08,The downloaded series had no rows inside the membership spell.
spell-CFL-19960102,CFL,CFL,1996-01-02,1998-04-28,The downloaded series had no rows inside the membership spell.
spell-CFN-20090901,CFN,CFN,2009-09-01,2015-03-17,The downloaded series had no rows inside the membership spell.
permno-11164-19570301,CGG,CGG,1957-03-01,1986-12-17,The downloaded series had no rows inside the membership spell.
permno-19684-19570301,CGH,CGH,1957-03-01,1969-08-06,The downloaded series had no rows inside the membership spell.
permno-50681-19730531,CGM,CGM,1973-05-31,1976-06-30,The downloaded series had no rows inside the membership spell.
permno-21469-19580604,CGW,CGW,1958-06-04,1966-12-14,The downloaded series had no rows inside the membership spell.
spell-CHA-19960102,CHA,CHA,1996-01-02,2000-06-19,The downloaded series had no rows inside the membership spell.
permno-54009-19720222,CHG,CHG,1972-02-22,1972-09-27,The downloaded series had no rows inside the membership spell.
permno-43502-19760318,CHI,CHI,1976-03-18,1981-05-13,The downloaded series had no rows inside the membership spell.
spell-CHIR-20001124,CHIR,CHIR,2000-11-24,2006-04-20,The downloaded series had no rows inside the membership spell.
spell-CHK-20060303,CHK,CHK,2006-03-03,2018-03-19,The downloaded series had no rows inside the membership spell.
permno-26622-19630829,CHM,CHM,1963-08-29,1989-05-10,The downloaded series had no rows inside the membership spell.
permno-46658-19760701,CIC,CIC,1976-07-01,1995-05-09,The downloaded series had no rows inside the membership spell.
permno-40432-19680718,CID,CID,1968-07-18,1971-03-03,The downloaded series had no rows inside the membership spell.
permno-10970-19570301,CIT,CIT,1957-03-01,1980-02-13,The downloaded series had no rows inside the membership spell.
spell-CIT_A-20000717,CIT.A,CIT-A,2000-07-17,2001-06-04,The downloaded series had no rows inside the membership spell.
spell-CITGQ-20041027,CITGQ,CITGQ,2004-10-27,2009-07-27,The downloaded series had no rows inside the membership spell.
permno-15712-19820701,CK,CK,1982-07-01,1986-12-17,The downloaded series had no rows inside the membership spell.
permno-18446-19570301,CKL,CKL,1957-03-01,1995-05-19,The downloaded series had no rows inside the membership spell.
permno-11471-19570301,CLL,CLL,1957-03-01,1981-10-14,The downloaded series had no rows inside the membership spell.
permno-39140-19821007,CLN,CLN,1982-10-07,1989-04-26,The downloaded series had no rows inside the membership spell.
permno-11295-19570301,CLU,CLU,1957-03-01,1986-01-22,The downloaded series had no rows inside the membership spell.
spell-CMA-19960102,CMA,CMA,1996-01-02,2024-06-24,The downloaded series had no rows inside the membership spell.
permno-16926-19570301,CMIL,CMIL,1957-03-01,1962-01-10,The downloaded series had no rows inside the membership spell.
permno-30365-19770519,CMK,CMK,1977-05-19,1985-01-30,The downloaded series had no rows inside the membership spell.
permno-51027-19730531,CMR,CMR,1973-05-31,1976-06-30,The downloaded series had no rows inside the membership spell.
spell-CMX-20040325,CMX,CMX,2004-03-25,2007-03-23,The downloaded series had no rows inside the membership spell.
permno-13434-19570301,CN,CN,1957-03-01,1968-01-31,The downloaded series had no rows inside the membership spell.
permno-16723-19570301,CNR,CNR,1957-03-01,1968-11-06,The downloaded series had no rows inside the membership spell.
spell-CNXT-20000131,CNXT,CNXT,2000-01-31,2002-06-26,The downloaded series had no rows inside the membership spell.
permno-11156-19570301,CO,CO,1957-03-01,1980-11-05,The downloaded series had no rows inside the membership spell.
spell-COC_B-19990809,COC.B,COC-B,1999-08-09,2002-09-03,The downloaded series had no rows inside the membership spell.
permno-24707-19570301,COE,COE,1957-03-01,1984-04-11,The downloaded series had no rows inside the membership spell.
spell-COMS-19960102,COMS,COMS,1996-01-02,2000-07-28,The downloaded series had no rows inside the membership spell.
permno-40854-19670720,COX,COX,1967-07-20,1985-07-31,The downloaded series had no rows inside the membership spell.
permno-11041-19641022,CP,CP,1964-10-22,1976-06-30,The downloaded series had no rows inside the membership spell.
permno-17515-19570301,CPC,CPC,1957-03-01,1968-05-22,The downloaded series had no rows inside the membership spell.
spell-CPGX-20150702,CPGX,CPGX,2015-07-02,2016-07-01,The downloaded series had no rows inside the membership spell.
spell-CPNLQ-20001201,CPNLQ,CPNLQ,2000-12-01,2005-12-02,The downloaded series had no rows inside the membership spell.
permno-20036-19570301,CPP,CPP,1957-03-01,1967-02-21,The downloaded series had no rows inside the membership spell.
permno-19297-19570301,CPS,CPS,1957-03-01,1982-06-23,The downloaded series had no rows inside the membership spell.
permno-23894-19570301,CPX,CPX,1957-03-01,1975-12-10,The downloaded series had no rows inside the membership spell.
permno-49592-19700319,CRD,CRD,1970-03-19,1976-06-30,The downloaded series had no rows inside the membership spell.
permno-27342-19651021,CRF,CRF,1965-10-21,1981-08-12,The downloaded series had no rows inside the membership spell.
permno-25478-19640116,CRK,CRK,1964-01-16,1987-08-19,The downloaded series had no rows inside the membership spell.
permno-11439-19570301,CSC,CSC,1957-03-01,1966-09-28,The downloaded series had no rows inside the membership spell.
spell-CSE-19960122,CSE,CSE,1996-01-22,1999-11-15,The downloaded series had no rows inside the membership spell.
permno-18999-19570301,CSP,CSP,1957-03-01,1989-12-15,The downloaded series had no rows inside the membership spell.
permno-27158-19600713,CSY,CSY,1960-07-13,1970-04-22,The downloaded series had no rows inside the membership spell.
spell-CTL-19990325,CTL,CTL,1999-03-25,2020-09-18,The downloaded series had no rows inside the membership spell.
spell-CTLT-20200921,CTLT,CTLT,2020-09-21,2024-12-23,The downloaded series had no rows inside the membership spell.
permno-20992-19580409,CTN,CTN,1958-04-09,1975-02-05,The downloaded series had no rows inside the membership spell.
spell-CTXS-19991201,CTXS,CTXS,1999-12-01,2022-10-03,The downloaded series had no rows inside the membership spell.
permno-11543-19570301,CUD,CUD,1957-03-01,1971-08-18,The downloaded series had no rows inside the membership spell.
permno-15528-19570301,CV,CV,1957-03-01,1965-06-16,The downloaded series had no rows inside the membership spell.
spell-CVC-20101220,CVC,CVC,2010-12-20,2016-06-21,The downloaded series had no rows inside the membership spell.
spell-CVH-20050830,CVH,CVH,2005-08-30,2013-05-07,The downloaded series had no rows inside the membership spell.
permno-76285-19900904,CVN,CVN,1990-09-04,1991-12-31,The downloaded series had no rows inside the membership spell.
permno-18091-19570301,CW,CW,1957-03-01,1970-04-22,The downloaded series had no rows inside the membership spell.
spell-CXO-20160222,CXO,CXO,2016-02-22,2021-01-21,The downloaded series had no rows inside the membership spell.
spell-CYR-19960102,CYR,CYR,1996-01-02,1996-03-28,The downloaded series had no rows inside the membership spell.
permno-19027-19570301,CZ,CZ,1957-03-01,1987-02-25,The downloaded series had no rows inside the membership spell.
spell-DALRQ-19960102,DALRQ,DALRQ,1996-01-02,2005-08-19,The downloaded series had no rows inside the membership spell.
spell-DCNAQ-19960102,DCNAQ,DCNAQ,1996-01-02,2006-03-03,The downloaded series had no rows inside the membership spell.
permno-23456-19570301,DCO,DCO,1957-03-01,1968-01-17,The downloaded series had no rows inside the membership spell.
spell-DF-20060403,DF,DF,2006-04-03,2013-05-24,The downloaded series had no rows inside the membership spell.
permno-47386-19690327,DFC,DFC,1969-03-27,1972-09-20,The downloaded series had no rows inside the membership spell.
spell-DFS-20070702,DFS,DFS,2007-07-02,2025-05-19,The downloaded series had no rows inside the membership spell.
permno-23237-19570301,DGR,DGR,1957-03-01,1970-12-16,The downloaded series had no rows inside the membership spell.
permno-23907-19570301,DIN,DIN,1957-03-01,1964-02-19,The downloaded series had no rows inside the membership spell.
spell-DISCA-20100301,DISCA,DISCA,2010-03-01,2022-04-11,The downloaded series had no rows inside the membership spell.
spell-DISCK-20140807,DISCK,DISCK,2014-08-07,2022-04-11,The downloaded series had no rows inside the membership spell.
spell-DISH-20170313,DISH,DISH,2017-03-13,2023-06-20,The downloaded series had no rows inside the membership spell.
spell-DJ-19960102,DJ,DJ,1996-01-02,2007-12-14,The downloaded series had no rows inside the membership spell.
permno-11690-19570301,DM,DM,1957-03-01,1987-08-19,The downloaded series had no rows inside the membership spell.
permno-25689-19570301,DML,DML,1957-03-01,1972-09-20,The downloaded series had no rows inside the membership spell.
permno-16029-19681107,DN,DN,1968-11-07,1982-11-17,The downloaded series had no rows inside the membership spell.
spell-DNR-20090402,DNR,DNR,2009-04-02,2015-03-23,The downloaded series had no rows inside the membership spell.
spell-DO-20090226,DO,DO,2009-02-26,2016-10-03,The downloaded series had no rows inside the membership spell.
spell-DPHIQ-19990528,DPHIQ,DPHIQ,1999-05-28,2005-10-11,The downloaded series had no rows inside the membership spell.
permno-22859-19570301,DPL,DPL,1957-03-01,1976-06-30,The downloaded series had no rows inside the membership spell.
permno-40758-19640716,DRX,DRX,1964-07-16,1968-07-16,The downloaded series had no rows inside the membership spell.
spell-DTV-20061204,DTV,DTV,2006-12-04,2015-07-27,The downloaded series had no rows inside the membership spell.
spell-DWDP-20170901,DWDP,DWDP,2017-09-01,2019-06-03,The downloaded series had no rows inside the membership spell.
spell-DYN-20001003,DYN,DYN,2000-10-03,2009-12-21,The downloaded series had no rows inside the membership spell.
permno-20976-19570301,EAL,EAL,1957-03-01,1976-06-30,The downloaded series had no rows inside the membership spell.
permno-40141-19751211,ECK,ECK,1975-12-11,1986-05-07,The downloaded series had no rows inside the membership spell.
permno-11826-19570301,EJN,EJN,1957-03-01,1970-06-24,The downloaded series had no rows inside the membership spell.
permno-11754-19570301,EK,EK,1957-03-01,1996-01-02,The downloaded series had no rows inside the membership spell.
spell-EKDKQ-19960102,EKDKQ,EKDKQ,1996-01-02,2010-12-20,The downloaded series had no rows inside the membership spell.
permno-20239-19570301,ELG,ELG,1957-03-01,1983-11-30,The downloaded series had no rows inside the membership spell.
spell-EMC-19960328,EMC,EMC,1996-03-28,2016-09-07,The downloaded series had no rows inside the membership spell.
spell-ENDP-20150127,ENDP,ENDP,2015-01-27,2017-03-02,The downloaded series had no rows inside the membership spell.
spell-ENRNQ-19960102,ENRNQ,ENRNQ,1996-01-02,2001-11-30,The downloaded series had no rows inside the membership spell.
spell-ENS-19960102,ENS,ENS,1996-01-02,1997-08-06,The downloaded series had no rows inside the membership spell.
spell-EOP-20011010,EOP,EOP,2001-10-10,2007-02-12,The downloaded series had no rows inside the membership spell.
spell-EQ-20060518,EQ,EQ,2006-05-18,2009-07-01,The downloaded series had no rows inside the membership spell.
permno-22242-19570301,ERP,ERP,1957-03-01,1966-05-25,The downloaded series had no rows inside the membership spell.
permno-11746-19630627,ESB,ESB,1963-06-27,1973-11-14,The downloaded series had no rows inside the membership spell.
permno-11770-19570301,ET,ET,1957-03-01,1963-06-26,The downloaded series had no rows inside the membership spell.
spell-ETFC-20040401,ETFC,ETFC,2004-04-01,2020-10-07,The downloaded series had no rows inside the membership spell.
spell-ETS-19960102,ETS,ETS,1996-01-02,2001-08-06,The downloaded series had no rows inside the membership spell.
permno-55386-19750814,EVT,EVT,1975-08-14,1982-03-10,The downloaded series had no rows inside the membership spell.
permno-17435-19700423,EVY,EVY,1970-04-23,1984-04-11,The downloaded series had no rows inside the membership spell.
permno-22808-19570301,EWB,EWB,1957-03-01,1968-01-17,The downloaded series had no rows inside the membership spell.
permno-27852-19670518,FAC,FAC,1967-05-18,1973-02-28,The downloaded series had no rows inside the membership spell.
spell-FB-20131223,FB,FB,2013-12-23,2022-06-09,The downloaded series had no rows inside the membership spell.
spell-FBHS-20160624,FBHS,FBHS,2016-06-24,2022-12-19,The downloaded series had no rows inside the membership spell.
permno-27297-19650617,FCF,FCF,1965-06-17,1983-08-10,The downloaded series had no rows inside the membership spell.
permno-28169-19761209,FCI,FCI,1976-12-09,1979-07-25,The downloaded series had no rows inside the membership spell.
spell-FDO-20010806,FDO,FDO,2001-08-06,2015-07-07,The downloaded series had no rows inside the membership spell.
permno-28177-19650617,FFI,FFI,1965-06-17,1973-05-30,The downloaded series had no rows inside the membership spell.
permno-21346-19570301,FFS,FFS,1957-03-01,1978-10-04,The downloaded series had no rows inside the membership spell.
permno-54754-19850926,FHP,FHP,1985-09-26,1988-08-10,The downloaded series had no rows inside the membership spell.
spell-FI-20230607,FI,FI,2023-06-07,2025-11-11,The downloaded series had no rows inside the membership spell.
spell-FII-20030416,FII,FII,2003-04-16,2013-01-02,The downloaded series had no rows inside the membership spell.
permno-18569-19570301,FIR,FIR,1957-03-01,1988-05-04,The downloaded series had no rows inside the membership spell.
spell-FJ-19960102,FJ,FJ,1996-01-02,2000-11-24,The downloaded series had no rows inside the membership spell.
permno-27748-19710624,FLA,FLA,1971-06-24,1972-09-27,The downloaded series had no rows inside the membership spell.
permno-46295-19740509,FLE,FLE,1974-05-09,1996-01-02,The downloaded series had no rows inside the membership spell.
spell-FLIR-20090102,FLIR,FLIR,2009-01-02,2021-05-14,The downloaded series had no rows inside the membership spell.
permno-47271-19871210,FLM,FLM,1987-12-10,1996-01-02,The downloaded series had no rows inside the membership spell.
spell-FLMIQ-19960102,FLMIQ,FLMIQ,1996-01-02,1997-12-24,The downloaded series had no rows inside the membership spell.
spell-FLT-20180620,FLT,FLT,2018-06-20,2024-03-25,The downloaded series had no rows inside the membership spell.
spell-FLTWQ-19960102,FLTWQ,FLTWQ,1996-01-02,2000-01-31,The downloaded series had no rows inside the membership spell.
permno-21338-19640123,FMO,FMO,1964-01-23,1973-11-14,The downloaded series had no rows inside the membership spell.
spell-FMY-19980710,FMY,FMY,1998-07-10,1999-05-28,The downloaded series had no rows inside the membership spell.
permno-23130-19591216,FN,FN,1959-12-16,1980-12-10,The downloaded series had no rows inside the membership spell.
permno-51043-19880811,FNM,FNM,1988-08-11,1996-01-02,The downloaded series had no rows inside the membership spell.
permno-53903-19760701,FPA,FPA,1976-07-01,1987-04-22,The downloaded series had no rows inside the membership spell.
spell-FPC-19990622,FPC,FPC,1999-06-22,2000-12-01,The downloaded series had no rows inside the membership spell.
permno-75789-19920102,FRE,FRE,1992-01-02,1996-01-02,The downloaded series had no rows inside the membership spell.
spell-FRO-19970102,FRO,FRO,1997-01-02,1999-09-29,The downloaded series had no rows inside the membership spell.
spell-FRX-20001122,FRX,FRX,2000-11-22,2014-07-01,The downloaded series had no rows inside the membership spell.
spell-FSH-20040803,FSH,FSH,2004-08-03,2006-11-10,The downloaded series had no rows inside the membership spell.
spell-FSL-20041203,FSL,FSL,2004-12-03,2006-12-04,The downloaded series had no rows inside the membership spell.
permno-11949-19570301,FST,FST,1957-03-01,1973-05-30,The downloaded series had no rows inside the membership spell.
permno-11981-19570301,FT,FT,1957-03-01,1972-09-13,The downloaded series had no rows inside the membership spell.
permno-71984-19950530,FTL,FTL,1995-05-30,1996-01-02,The downloaded series had no rows inside the membership spell.
spell-FTL_A-19960102,FTL.A,FTL-A,1996-01-02,1999-10-01,The downloaded series had no rows inside the membership spell.
spell-FWLT-19960102,FWLT,FWLT,1996-01-02,2000-01-31,The downloaded series had no rows inside the membership spell.
spell-G-19960102,G,G,1996-01-02,2005-10-03,The downloaded series had no rows inside the membership spell.
permno-25515-19630919,GAC,GAC,1963-09-19,1976-01-14,The downloaded series had no rows inside the membership spell.
permno-41953-19650617,GAF,GAF,1965-06-17,1975-02-05,The downloaded series had no rows inside the membership spell.
permno-26120-19630117,GAO,GAO,1963-01-17,1983-03-09,The downloaded series had no rows inside the membership spell.
spell-GAPTQ-19960102,GAPTQ,GAPTQ,1996-01-02,2000-08-30,The downloaded series had no rows inside the membership spell.
permno-19967-19570301,GBL,GBL,1957-03-01,1962-10-24,The downloaded series had no rows inside the membership spell.
permno-22007-19570301,GDC,GDC,1957-03-01,1979-05-02,The downloaded series had no rows inside the membership spell.
spell-GDT-19961219,GDT,GDT,1996-12-19,2006-04-24,The downloaded series had no rows inside the membership spell.
permno-25910-19601228,GEB,GEB,1960-12-28,1994-06-30,The downloaded series had no rows inside the membership spell.
permno-19414-19671005,GET,GET,1967-10-05,1984-02-29,The downloaded series had no rows inside the membership spell.
permno-16109-19570301,GF,GF,1957-03-01,1985-11-06,The downloaded series had no rows inside the membership spell.
permno-24504-19570301,GFN,GFN,1957-03-01,1968-07-30,The downloaded series had no rows inside the membership spell.
permno-32205-19870806,GFS,GFS,1987-08-06,1996-01-02,The downloaded series had no rows inside the membership spell.
spell-GFS_A-19960102,GFS.A,GFS-A,1996-01-02,1998-07-16,The downloaded series had no rows inside the membership spell.
permno-43609-19670720,GG,GG,1967-07-20,1979-02-07,The downloaded series had no rows inside the membership spell.
permno-44505-19680118,GID,GID,1968-01-18,1982-08-11,The downloaded series had no rows inside the membership spell.
permno-16598-19570301,GK,GK,1957-03-01,1981-06-17,The downloaded series had no rows inside the membership spell.
permno-45428-19700423,GLM,GLM,1970-04-23,1986-01-29,The downloaded series had no rows inside the membership spell.
permno-42075-19680725,GLR,GLR,1968-07-25,1975-12-10,The downloaded series had no rows inside the membership spell.
spell-GMCR-20140324,GMCR,GMCR,2014-03-24,2016-03-03,The downloaded series had no rows inside the membership spell.
permno-12183-19570301,GN,GN,1957-03-01,1970-03-04,The downloaded series had no rows inside the membership spell.
permno-27916-19610802,GNN,GNN,1961-08-02,1968-05-22,The downloaded series had no rows inside the membership spell.
permno-49920-19710715,GNO,GNO,1971-07-15,1982-03-03,The downloaded series had no rows inside the membership spell.
spell-GNT-19960313,GNT,GNT,1996-03-13,1998-07-01,The downloaded series had no rows inside the membership spell.
permno-21768-19570301,GO,GO,1957-03-01,1984-06-20,The downloaded series had no rows inside the membership spell.
permno-90721-19860123,GOSHA,GOSHA,1986-01-23,1995-05-26,The downloaded series had no rows inside the membership spell.
spell-GP-19960102,GP,GP,1996-01-02,2005-12-20,The downloaded series had no rows inside the membership spell.
spell-GPS-19960102,GPS,GPS,1996-01-02,2022-02-02,The downloaded series had no rows inside the membership spell.
permno-23464-19570301,GPT,GPT,1957-03-01,1981-12-09,The downloaded series had no rows inside the membership spell.
permno-21274-19670427,GQ,GQ,1967-04-27,1994-04-15,The downloaded series had no rows inside the membership spell.
permno-25902-19650107,GSI,GSI,1965-01-07,1973-05-30,The downloaded series had no rows inside the membership spell.
permno-23800-19650107,GSK,GSK,1965-01-07,1976-12-08,The downloaded series had no rows inside the membership spell.
permno-12191-19570301,GSW,GSW,1957-03-01,1968-01-15,The downloaded series had no rows inside the membership spell.
spell-GTW-19980427,GTW,GTW,1998-04-27,2006-08-01,The downloaded series had no rows inside the membership spell.
permno-12167-19570301,GUX,GUX,1957-03-01,1975-12-10,The downloaded series had no rows inside the membership spell.
permno-45620-19680116,GWU,GWU,1968-01-16,1978-03-01,The downloaded series had no rows inside the membership spell.
spell-GX-19990929,GX,GX,1999-09-29,2001-10-10,The downloaded series had no rows inside the membership spell.
spell-HBI-20150323,HBI,HBI,2015-03-23,2021-12-20,The downloaded series had no rows inside the membership spell.
permno-38324-19700319,HBL,HBL,1970-03-19,1982-10-13,The downloaded series had no rows inside the membership spell.
spell-HBOC-19971023,HBOC,HBOC,1997-10-23,1999-01-13,The downloaded series had no rows inside the membership spell.
permno-27879-19670518,HC,HC,1967-05-18,1973-02-28,The downloaded series had no rows inside the membership spell.
spell-HCBK-20070215,HCBK,HCBK,2007-02-15,2015-11-02,The downloaded series had no rows inside the membership spell.
spell-HCP-20080331,HCP,HCP,2008-03-31,2019-11-05,The downloaded series had no rows inside the membership spell.
spell-HCR-19980928,HCR,HCR,1998-09-28,2007-11-09,The downloaded series had no rows inside the membership spell.
permno-39765-19730301,HDL,HDL,1973-03-01,1996-01-02,The downloaded series had no rows inside the membership spell.
spell-HDLM-19960102,HDLM,HDLM,1996-01-02,1996-03-08,The downloaded series had no rows inside the membership spell.
permno-22365-19631031,HEW,HEW,1963-10-31,1965-03-03,The downloaded series had no rows inside the membership spell.
spell-HFS-19960816,HFS,HFS,1996-08-16,1997-12-18,The downloaded series had no rows inside the membership spell.
permno-17742-19570301,HH,HH,1957-03-01,1960-02-24,The downloaded series had no rows inside the membership spell.
permno-39669-19700423,HIA,HIA,1970-04-23,1990-02-07,The downloaded series had no rows inside the membership spell.
permno-19940-19570301,HIR,HIR,1957-03-01,1980-04-09,The downloaded series had no rows inside the membership spell.
permno-38455-19700625,HJ,HJ,1970-06-25,1980-06-25,The downloaded series had no rows inside the membership spell.
permno-23480-19680104,HKR,HKR,1968-01-04,1968-07-30,The downloaded series had no rows inside the membership spell.
permno-17056-19570301,HLN,HLN,1957-03-01,1963-01-16,The downloaded series had no rows inside the membership spell.
spell-HMA-20011107,HMA,HMA,2001-11-07,2007-03-02,The downloaded series had no rows inside the membership spell.
permno-43203-19680808,HNS,HNS,1968-08-08,1979-02-07,The downloaded series had no rows inside the membership spell.
permno-41478-19760506,HOB,HOB,1976-05-06,1981-04-01,The downloaded series had no rows inside the membership spell.
permno-55685-19780413,HOI,HOI,1978-04-13,1981-05-13,The downloaded series had no rows inside the membership spell.
permno-18585-19570301,HPG,HPG,1957-03-01,1960-12-14,The downloaded series had no rows inside the membership spell.
spell-HPH-19960102,HPH,HPH,1996-01-02,1999-06-09,The downloaded series had no rows inside the membership spell.
permno-27537-19601214,HRW,HRW,1960-12-14,1967-07-26,The downloaded series had no rows inside the membership spell.
spell-HSH-19960102,HSH,HSH,1996-01-02,2012-06-29,The downloaded series had no rows inside the membership spell.
permno-56485-19730531,HT,HT,1973-05-31,1987-04-08,The downloaded series had no rows inside the membership spell.
permno-43132-19801002,HYST,HYST,1980-10-02,1984-02-29,The downloaded series had no rows inside the membership spell.
spell-I-19960102,I,I,1996-01-02,1996-04-01,The downloaded series had no rows inside the membership spell.
permno-46252-19681212,IBP,IBP,1968-12-12,1981-09-09,The downloaded series had no rows inside the membership spell.
permno-12466-19570301,IC,IC,1957-03-01,1978-08-23,The downloaded series had no rows inside the membership spell.
permno-15536-19570301,ICR,ICR,1957-03-01,1968-01-31,The downloaded series had no rows inside the membership spell.
permno-26286-19760923,IDL,IDL,1976-09-23,1989-08-02,The downloaded series had no rows inside the membership spell.
spell-IGT-20010904,IGT,IGT,2001-09-04,2014-06-20,The downloaded series had no rows inside the membership spell.
permno-15747-19720120,IK,IK,1972-01-20,1993-07-12,The downloaded series had no rows inside the membership spell.
spell-IKN-19960102,IKN,IKN,1996-01-02,2000-06-29,The downloaded series had no rows inside the membership spell.
permno-12394-19570301,IL,IL,1957-03-01,1963-03-22,The downloaded series had no rows inside the membership spell.
spell-IMNX-20010921,IMNX,IMNX,2001-09-21,2002-07-16,The downloaded series had no rows inside the membership spell.
permno-43298-19870910,IMSI,IMSI,1987-09-10,1988-05-25,The downloaded series had no rows inside the membership spell.
permno-56098-19760701,IN,IN,1976-07-01,1978-11-22,The downloaded series had no rows inside the membership spell.
spell-INCLF-19960102,INCLF,INCLF,1996-01-02,2002-07-22,The downloaded series had no rows inside the membership spell.
spell-INFO-20170602,INFO,INFO,2017-06-02,2022-03-02,The downloaded series had no rows inside the membership spell.
permno-18278-19570301,ISS,ISS,1957-03-01,1990-12-04,The downloaded series had no rows inside the membership spell.
permno-26155-19660623,ITE,ITE,1966-06-23,1976-03-17,The downloaded series had no rows inside the membership spell.
spell-JAVA-19960102,JAVA,JAVA,1996-01-02,2010-01-27,The downloaded series had no rows inside the membership spell.
spell-JEC-20071026,JEC,JEC,2007-10-26,2019-12-10,The downloaded series had no rows inside the membership spell.
permno-46544-19870507,JERR,JERR,1987-05-07,1989-09-20,The downloaded series had no rows inside the membership spell.
spell-JHF-20010629,JHF,JHF,2001-06-29,2004-04-29,The downloaded series had no rows inside the membership spell.
permno-11068-19570301,JI,JI,1957-03-01,1970-08-12,The downloaded series had no rows inside the membership spell.
permno-19510-19570301,JJN,JJN,1957-03-01,1972-09-13,The downloaded series had no rows inside the membership spell.
permno-21530-19570301,JL,JL,1957-03-01,1970-04-22,The downloaded series had no rows inside the membership spell.
spell-JNPR-20060602,JNPR,JNPR,2006-06-02,2025-07-09,The downloaded series had no rows inside the membership spell.
spell-JNS-20000713,JNS,JNS,2000-07-13,2011-11-23,The downloaded series had no rows inside the membership spell.
spell-JNY-20011217,JNY,JNY,2001-12-17,2009-03-04,The downloaded series had no rows inside the membership spell.
permno-27174-19650114,JOL,JOL,1965-01-14,1984-10-24,The downloaded series had no rows inside the membership spell.
permno-40301-19640903,JWC,JWC,1964-09-03,1987-12-30,The downloaded series had no rows inside the membership spell.
permno-24635-19570301,KLU,KLU,1957-03-01,1988-11-02,The downloaded series had no rows inside the membership spell.
permno-12706-19570301,KN,KN,1957-03-01,1981-06-24,The downloaded series had no rows inside the membership spell.
permno-27510-19610816,KNY,KNY,1961-08-16,1981-09-09,The downloaded series had no rows inside the membership spell.
permno-40790-19650304,KOE,KOE,1965-03-04,1980-10-01,The downloaded series had no rows inside the membership spell.
spell-KORS-20131113,KORS,KORS,2013-11-13,2018-09-19,The downloaded series had no rows inside the membership spell.
spell-KRFT-20121002,KRFT,KRFT,2012-10-02,2015-07-06,The downloaded series had no rows inside the membership spell.
spell-KRI-19960102,KRI,KRI,1996-01-02,2006-06-28,The downloaded series had no rows inside the membership spell.
permno-12757-19570301,KSC,KSC,1957-03-01,1963-12-04,The downloaded series had no rows inside the membership spell.
spell-KSE-20000821,KSE,KSE,2000-08-21,2007-08-27,The downloaded series had no rows inside the membership spell.
permno-19772-19570301,KSP,KSP,1957-03-01,1966-05-18,The downloaded series had no rows inside the membership spell.
permno-16280-19670928,KW,KW,1967-09-28,1973-11-14,The downloaded series had no rows inside the membership spell.
spell-KWP-19960102,KWP,KWP,1996-01-02,1999-11-16,The downloaded series had no rows inside the membership spell.
permno-12669-19570301,KYR,KYR,1957-03-01,1975-10-15,The downloaded series had no rows inside the membership spell.
spell-LB-19960102,LB,LB,1996-01-02,2021-08-03,The downloaded series had no rows inside the membership spell.
permno-12888-19570301,LCE,LCE,1957-03-01,1990-12-11,The downloaded series had no rows inside the membership spell.
spell-LDW_B-19960102,LDW.B,LDW-B,1996-01-02,1999-12-08,The downloaded series had no rows inside the membership spell.
spell-LEHMQ-19980112,LEHMQ,LEHMQ,1998-01-12,2008-09-17,The downloaded series had no rows inside the membership spell.
spell-LIFE-20081124,LIFE,LIFE,2008-11-24,2014-01-24,The downloaded series had no rows inside the membership spell.
permno-19211-19570301,LIL,LIL,1957-03-01,1968-11-06,The downloaded series had no rows inside the membership spell.
permno-49606-19850801,LINB,LINB,1985-08-01,1990-03-02,The downloaded series had no rows inside the membership spell.
permno-19756-19570301,LJ,LJ,1957-03-01,1976-01-14,The downloaded series had no rows inside the membership spell.
permno-17451-19570301,LKB,LKB,1957-03-01,1967-06-28,The downloaded series had no rows inside the membership spell.
permno-40053-19760115,LKS,LKS,1976-01-15,1988-06-08,The downloaded series had no rows inside the membership spell.
permno-12896-19570301,LL,LL,1957-03-01,1968-12-10,The downloaded series had no rows inside the membership spell.
spell-LLL-20041201,LLL,LLL,2004-12-01,2019-07-01,The downloaded series had no rows inside the membership spell.
spell-LLTC-20000403,LLTC,LLTC,2000-04-03,2017-03-13,The downloaded series had no rows inside the membership spell.
spell-LM-20060424,LM,LM,2006-04-24,2016-12-02,The downloaded series had no rows inside the membership spell.
permno-12909-19570301,LN,LN,1957-03-01,1971-06-23,The downloaded series had no rows inside the membership spell.
permno-19107-19570301,LNY,LNY,1957-03-01,1964-02-19,The downloaded series had no rows inside the membership spell.
spell-LO-20080611,LO,LO,2008-06-11,2015-06-12,The downloaded series had no rows inside the membership spell.
permno-50156-19860918,LOTS,LOTS,1986-09-18,1995-07-03,The downloaded series had no rows inside the membership spell.
permno-16731-19570301,LPT,LPT,1957-03-01,1977-11-02,The downloaded series had no rows inside the membership spell.
spell-LSI-19960102,LSI,LSI,1996-01-02,2014-05-07,The downloaded series had no rows inside the membership spell.
permno-28003-19610920,LSO,LSO,1961-09-20,1978-04-12,The downloaded series had no rows inside the membership spell.
permno-22728-19570301,LST,LST,1957-03-01,1985-11-13,The downloaded series had no rows inside the membership spell.
permno-43318-19820909,LTC,LTC,1982-09-09,1987-07-08,The downloaded series had no rows inside the membership spell.
permno-25507-19840719,LTV,LTV,1984-07-19,1986-07-23,The downloaded series had no rows inside the membership spell.
spell-LU-19961001,LU,LU,1996-10-01,2006-12-01,The downloaded series had no rows inside the membership spell.
spell-LUB-19960102,LUB,LUB,1996-01-02,1997-01-02,The downloaded series had no rows inside the membership spell.
permno-52564-19790503,LVI,LVI,1979-05-03,1985-09-04,The downloaded series had no rows inside the membership spell.
spell-LVLT-20141105,LVLT,LVLT,2014-11-05,2017-10-13,The downloaded series had no rows inside the membership spell.
spell-LXK-19990813,LXK,LXK,1999-08-13,2012-10-01,The downloaded series had no rows inside the membership spell.
permno-46201-19731115,MAE,MAE,1973-11-15,1977-06-29,The downloaded series had no rows inside the membership spell.
permno-23018-19570301,MAG,MAG,1957-03-01,1974-10-16,The downloaded series had no rows inside the membership spell.
permno-34147-19801120,MAI,MAI,1980-11-20,1995-06-30,The downloaded series had no rows inside the membership spell.
permno-33873-19680912,MAK,MAK,1968-09-12,1981-02-25,The downloaded series had no rows inside the membership spell.
spell-MAY-19960102,MAY,MAY,1996-01-02,2005-08-29,The downloaded series had no rows inside the membership spell.
permno-43510-19720921,MB,MB,1972-09-21,1984-09-12,The downloaded series had no rows inside the membership spell.
permno-27086-19670713,MCA,MCA,1967-07-13,1990-12-28,The downloaded series had no rows inside the membership spell.
permno-11626-19930701,MCAWA,MCAWA,1993-07-01,1994-09-20,The downloaded series had no rows inside the membership spell.
permno-26534-19710819,MDE,MDE,1971-08-19,1982-12-31,The downloaded series had no rows inside the membership spell.
spell-MEDI-20000616,MEDI,MEDI,2000-06-16,2007-06-01,The downloaded series had no rows inside the membership spell.
spell-MEL-19960102,MEL,MEL,1996-01-02,2007-07-02,The downloaded series had no rows inside the membership spell.
spell-MERQ-20000629,MERQ,MERQ,2000-06-29,2006-01-04,The downloaded series had no rows inside the membership spell.
permno-18884-19570301,MF,MF,1957-03-01,1982-06-16,The downloaded series had no rows inside the membership spell.
spell-MFE-20081223,MFE,MFE,2008-12-23,2011-03-01,The downloaded series had no rows inside the membership spell.
permno-20263-19570301,MGR,MGR,1957-03-01,1985-05-08,The downloaded series had no rows inside the membership spell.
permno-48223-19760701,MHC,MHC,1976-07-01,1991-12-31,The downloaded series had no rows inside the membership spell.
spell-MHS-20030820,MHS,MHS,2003-08-20,2012-04-02,The downloaded series had no rows inside the membership spell.
spell-MI-20020211,MI,MI,2002-02-11,2011-07-06,The downloaded series had no rows inside the membership spell.
spell-MJN-20091221,MJN,MJN,2009-12-21,2017-06-15,The downloaded series had no rows inside the membership spell.
spell-MKG-19960102,MKG,MKG,1996-01-02,2000-10-18,The downloaded series had no rows inside the membership spell.
permno-20562-19570301,ML,ML,1957-03-01,1995-03-15,The downloaded series had no rows inside the membership spell.
permno-26497-19760701,MLN,MLN,1976-07-01,1982-09-08,The downloaded series had no rows inside the membership spell.
spell-MMI-20110104,MMI,MMI,2011-01-04,2012-05-22,The downloaded series had no rows inside the membership spell.
permno-51801-19730531,MML,MML,1973-05-31,1976-06-30,The downloaded series had no rows inside the membership spell.
permno-28513-19570301,MMX,MMX,1957-03-01,1969-05-14,The downloaded series had no rows inside the membership spell.
permno-20386-19570301,MNC,MNC,1957-03-01,1984-05-16,The downloaded series had no rows inside the membership spell.
spell-MNK-20140819,MNK,MNK,2014-08-19,2017-07-26,The downloaded series had no rows inside the membership spell.
spell-MNR-19960102,MNR,MNR,1996-01-02,1998-09-28,The downloaded series had no rows inside the membership spell.
spell-MOB-19960102,MOB,MOB,1996-01-02,1999-12-01,The downloaded series had no rows inside the membership spell.
spell-MON-20020814,MON,MON,2002-08-14,2018-06-07,The downloaded series had no rows inside the membership spell.
permno-20095-19570301,MPH,MPH,1957-03-01,1976-12-08,The downloaded series had no rows inside the membership spell.
permno-12941-19570301,MQ,MQ,1957-03-01,1967-05-17,The downloaded series had no rows inside the membership spell.
permno-25195-19570301,MQC,MQC,1957-03-01,1976-09-22,The downloaded series had no rows inside the membership spell.
permno-55079-19900608,MRN,MRN,1990-06-08,1995-12-19,The downloaded series had no rows inside the membership spell.
spell-MRO-19960102,MRO,MRO,1996-01-02,2024-11-26,The downloaded series had no rows inside the membership spell.
permno-13274-19570301,MRW,MRW,1957-03-01,1964-01-22,The downloaded series had no rows inside the membership spell.
permno-17881-19570301,MTI,MTI,1957-03-01,1963-01-30,The downloaded series had no rows inside the membership spell.
spell-MTL-19980223,MTL,MTL,1998-02-23,1999-09-20,The downloaded series had no rows inside the membership spell.
spell-MTLQQ-19960102,MTLQQ,MTLQQ,1996-01-02,2009-06-03,The downloaded series had no rows inside the membership spell.
permno-20503-19570619,MUB,MUB,1957-06-19,1965-09-29,The downloaded series had no rows inside the membership spell.
spell-MWI-19960102,MWI,MWI,1996-01-02,1999-05-28,The downloaded series had no rows inside the membership spell.
spell-MWV-19960102,MWV,MWV,1996-01-02,2015-07-02,The downloaded series had no rows inside the membership spell.
spell-MWW-20010604,MWW,MWW,2001-06-04,2011-12-19,The downloaded series had no rows inside the membership spell.
spell-MYL-20040423,MYL,MYL,2004-04-23,2020-11-17,The downloaded series had no rows inside the membership spell.
spell-MZIAQ-19960102,MZIAQ,MZIAQ,1996-01-02,2000-06-29,The downloaded series had no rows inside the membership spell.
permno-12546-19570301,N,N,1957-03-01,1996-01-02,The downloaded series had no rows inside the membership spell.
permno-16803-19570301,NAC,NAC,1957-03-01,1985-05-08,The downloaded series had no rows inside the membership spell.
permno-22189-19700813,NAL,NAL,1970-08-13,1976-06-30,The downloaded series had no rows inside the membership spell.
permno-16256-19570301,NAS,NAS,1957-03-01,1965-12-15,The downloaded series had no rows inside the membership spell.
permno-63255-19810706,NB,NB,1981-07-06,1985-09-11,The downloaded series had no rows inside the membership spell.
spell-NBL-20071008,NBL,NBL,2007-10-08,2020-10-12,The downloaded series had no rows inside the membership spell.
spell-NCC-19960102,NCC,NCC,1996-01-02,2009-01-02,The downloaded series had no rows inside the membership spell.
spell-NCE-19981103,NCE,NCE,1998-11-03,2000-08-21,The downloaded series had no rows inside the membership spell.
spell-NCR-20000104,NCR,NCR,2000-01-04,2007-10-01,The downloaded series had no rows inside the membership spell.
permno-18390-19610621,NEB,NEB,1961-06-21,1968-11-06,The downloaded series had no rows inside the membership spell.
permno-23499-19570301,NES,NES,1957-03-01,1983-11-30,The downloaded series had no rows inside the membership spell.
spell-NFB-20020717,NFB,NFB,2002-07-17,2006-12-01,The downloaded series had no rows inside the membership spell.
permno-13522-19580604,NFK,NFK,1958-06-04,1982-06-02,The downloaded series had no rows inside the membership spell.
permno-20570-19570301,NG,NG,1957-03-01,1986-05-07,The downloaded series had no rows inside the membership spell.
spell-NGH-19980916,NGH,NGH,1998-09-16,2000-12-12,The downloaded series had no rows inside the membership spell.
permno-13442-19570301,NKP,NKP,1957-03-01,1964-10-21,The downloaded series had no rows inside the membership spell.
spell-NLOK-20191105,NLOK,NLOK,2019-11-05,2022-11-08,The downloaded series had no rows inside the membership spell.
spell-NLSN-20130709,NLSN,NLSN,2013-07-09,2022-10-12,The downloaded series had no rows inside the membership spell.
permno-54615-19760701,NLT,NLT,1976-07-01,1982-11-10,The downloaded series had no rows inside the membership spell.
spell-NLV-19960401,NLV,NLV,1996-04-01,2000-01-06,The downloaded series had no rows inside the membership spell.
permno-21418-19570301,NND,NND,1957-03-01,1968-09-10,The downloaded series had no rows inside the membership spell.
permno-58596-19840809,NOXL,NOXL,1984-08-09,1989-11-30,The downloaded series had no rows inside the membership spell.
permno-13573-19570301,NP,NP,1957-03-01,1970-03-04,The downloaded series had no rows inside the membership spell.
spell-NRTLQ-19960102,NRTLQ,NRTLQ,1996-01-02,2002-07-22,The downloaded series had no rows inside the membership spell.
permno-19019-19570301,NS,NS,1957-03-01,1983-09-12,The downloaded series had no rows inside the membership spell.
permno-22330-19570301,NSU,NSU,1957-03-01,1969-03-05,The downloaded series had no rows inside the membership spell.
permno-13370-19590225,NTY,NTY,1959-02-25,1970-04-22,The downloaded series had no rows inside the membership spell.
permno-34550-19660526,NUM,NUM,1966-05-26,1970-04-22,The downloaded series had no rows inside the membership spell.
spell-NVLS-20000619,NVLS,NVLS,2000-06-19,2012-06-05,The downloaded series had no rows inside the membership spell.
permno-21485-19760115,NWA,NWA,1976-01-15,1989-07-26,The downloaded series had no rows inside the membership spell.
spell-NXTL-19980401,NXTL,NXTL,1998-04-01,2005-08-15,The downloaded series had no rows inside the membership spell.
spell-NYX-20071025,NYX,NYX,2007-10-25,2013-11-13,The downloaded series had no rows inside the membership spell.
spell-ODP-19990624,ODP,ODP,1999-06-24,2010-12-20,The downloaded series had no rows inside the membership spell.
spell-OK-19991202,OK,OK,1999-12-02,2001-04-02,The downloaded series had no rows inside the membership spell.
spell-ORX-19960102,ORX,ORX,1996-01-02,1999-03-01,The downloaded series had no rows inside the membership spell.
permno-13637-19570301,OT,OT,1957-03-01,1976-01-14,The downloaded series had no rows inside the membership spell.
permno-39394-19820603,OVT,OVT,1982-06-03,1986-12-17,The downloaded series had no rows inside the membership spell.
spell-OWENQ-19960102,OWENQ,OWENQ,1996-01-02,2000-10-02,The downloaded series had no rows inside the membership spell.
permno-59416-19760701,PABT,PABT,1976-07-01,1985-05-15,The downloaded series had no rows inside the membership spell.
spell-PALM-20000728,PALM,PALM,2000-07-28,2002-08-14,The downloaded series had no rows inside the membership spell.
spell-PARA-20220217,PARA,PARA,2022-02-17,2025-08-08,The downloaded series had no rows inside the membership spell.
spell-PBCT-20081113,PBCT,PBCT,2008-11-13,2022-04-04,The downloaded series had no rows inside the membership spell.
spell-PCL-20020117,PCL,PCL,2002-01-17,2016-02-22,The downloaded series had no rows inside the membership spell.
spell-PCP-20070601,PCP,PCP,2007-06-01,2016-02-01,The downloaded series had no rows inside the membership spell.
spell-PCS-19981124,PCS,PCS,1998-11-24,2004-04-23,The downloaded series had no rows inside the membership spell.
permno-20001-19570301,PDC,PDC,1957-03-01,1970-11-18,The downloaded series had no rows inside the membership spell.
spell-PDCO-20051011,PDCO,PDCO,2005-10-11,2018-03-19,The downloaded series had no rows inside the membership spell.
permno-54447-19860717,PDQ,PDQ,1986-07-17,1990-09-19,The downloaded series had no rows inside the membership spell.
permno-23878-19610607,PDY,PDY,1961-06-07,1968-04-03,The downloaded series had no rows inside the membership spell.
spell-PEAK-20191105,PEAK,PEAK,2019-11-05,2024-03-04,The downloaded series had no rows inside the membership spell.
spell-PETM-20121005,PETM,PETM,2012-10-05,2015-03-12,The downloaded series had no rows inside the membership spell.
permno-13805-19570301,PFK,PFK,1957-03-01,1965-06-16,The downloaded series had no rows inside the membership spell.
spell-PHA-19960102,PHA,PHA,1996-01-02,2003-04-16,The downloaded series had no rows inside the membership spell.
spell-PHB-19960102,PHB,PHB,1996-01-02,1999-10-04,The downloaded series had no rows inside the membership spell.
permno-42753-19871231,PHL,PHL,1987-12-31,1990-08-22,The downloaded series had no rows inside the membership spell.
permno-24192-19760701,PIN,PIN,1976-07-01,1994-10-24,The downloaded series had no rows inside the membership spell.
permno-56012-19760304,PIZ,PIZ,1976-03-04,1977-11-16,The downloaded series had no rows inside the membership spell.
permno-43094-19680118,PKA,PKA,1968-01-18,1969-01-15,The downloaded series had no rows inside the membership spell.
spell-PLL-19960102,PLL,PLL,1996-01-02,2015-08-31,The downloaded series had no rows inside the membership spell.
spell-PMCS-20010803,PMCS,PMCS,2001-08-03,2007-07-02,The downloaded series had no rows inside the membership spell.
permno-25670-19590527,PMT,PMT,1959-05-27,1960-12-14,The downloaded series had no rows inside the membership spell.
permno-20984-19570301,PN,PN,1957-03-01,1991-01-09,The downloaded series had no rows inside the membership spell.
spell-POM-20071109,POM,POM,2007-11-09,2016-03-24,The downloaded series had no rows inside the membership spell.
permno-45663-19680725,PPI,PPI,1968-07-25,1978-05-10,The downloaded series had no rows inside the membership spell.
permno-39992-19660602,PRX,PRX,1966-06-02,1982-08-18,The downloaded series had no rows inside the membership spell.
spell-PSFT-19981002,PSFT,PSFT,1998-10-02,2004-12-29,The downloaded series had no rows inside the membership spell.
permno-14488-19570301,PSU,PSU,1957-03-01,1967-07-19,The downloaded series had no rows inside the membership spell.
permno-16360-19770519,PSY,PSY,1977-05-19,1989-01-04,The downloaded series had no rows inside the membership spell.
permno-76608-19910402,PT,PT,1991-04-02,1995-02-08,The downloaded series had no rows inside the membership spell.
spell-PTV-19991105,PTV,PTV,1999-11-05,2010-11-17,The downloaded series had no rows inside the membership spell.
permno-14066-19570301,PU,PU,1957-03-01,1980-11-19,The downloaded series had no rows inside the membership spell.
permno-22787-19570301,PUL,PUL,1957-03-01,1970-03-18,The downloaded series had no rows inside the membership spell.
spell-PVN-19960102,PVN,PVN,1996-01-02,2005-10-03,The downloaded series had no rows inside the membership spell.
spell-PVT-19980831,PVT,PVT,1998-08-31,1999-07-01,The downloaded series had no rows inside the membership spell.
spell-PWER-20001023,PWER,PWER,2000-10-23,2005-03-14,The downloaded series had no rows inside the membership spell.
spell-PWJ-19990604,PWJ,PWJ,1999-06-04,2000-11-06,The downloaded series had no rows inside the membership spell.
spell-PXD-20080924,PXD,PXD,2008-09-24,2024-05-08,The downloaded series had no rows inside the membership spell.
permno-24176-19570301,PXN,PXN,1957-03-01,1966-10-05,The downloaded series had no rows inside the membership spell.
spell-PZE-19960102,PZE,PZE,1996-01-02,1998-12-31,The downloaded series had no rows inside the membership spell.
spell-QEP-20100701,QEP,QEP,2010-07-01,2015-07-01,The downloaded series had no rows inside the membership spell.
spell-QLGC-20001212,QLGC,QLGC,2000-12-12,2011-01-18,The downloaded series had no rows inside the membership spell.
spell-QTRN-19991116,QTRN,QTRN,1999-11-16,2003-09-26,The downloaded series had no rows inside the membership spell.
permno-22306-19570301,RA,RA,1957-03-01,1965-10-13,The downloaded series had no rows inside the membership spell.
spell-RAI-20020904,RAI,RAI,2002-09-04,2017-07-25,The downloaded series had no rows inside the membership spell.
permno-45014-19711209,RAM,RAM,1971-12-09,1989-12-20,The downloaded series had no rows inside the membership spell.
spell-RATL-20020201,RATL,RATL,2002-02-01,2003-02-21,The downloaded series had no rows inside the membership spell.
spell-RBK-19960102,RBK,RBK,1996-01-02,2006-02-01,The downloaded series had no rows inside the membership spell.
permno-19844-19570301,RBR,RBR,1957-03-01,1967-05-17,The downloaded series had no rows inside the membership spell.
permno-14090-19570301,RCA,RCA,1957-03-01,1986-06-11,The downloaded series had no rows inside the membership spell.
permno-21303-19570301,RCC,RCC,1957-03-01,1984-07-18,The downloaded series had no rows inside the membership spell.
permno-25267-19570301,RD,RD,1957-03-01,1996-01-02,The downloaded series had no rows inside the membership spell.
permno-41662-19751211,RDS,RDS,1975-12-11,1986-12-17,The downloaded series had no rows inside the membership spell.
spell-RDS_A-19960102,RDS.A,RDS-A,1996-01-02,2002-07-22,The downloaded series had no rows inside the membership spell.
permno-26307-19790111,REE,REE,1979-01-11,1979-12-26,The downloaded series had no rows inside the membership spell.
permno-22621-19570301,REP,REP,1957-03-01,1959-07-29,The downloaded series had no rows inside the membership spell.
permno-25988-19670518,REV,REV,1967-05-18,1985-11-20,The downloaded series had no rows inside the membership spell.
permno-48258-19701217,RGI,RGI,1970-12-17,1976-06-30,The downloaded series had no rows inside the membership spell.
spell-RHT-20090727,RHT,RHT,2009-07-27,2019-07-15,The downloaded series had no rows inside the membership spell.
permno-23587-19570301,RI,RI,1957-03-01,1972-09-27,The downloaded series had no rows inside the membership spell.
permno-14218-19570301,RJR,RJR,1957-03-01,1989-02-08,The downloaded series had no rows inside the membership spell.
permno-17654-19570301,RKS,RKS,1957-03-01,1967-09-27,The downloaded series had no rows inside the membership spell.
permno-21901-19570301,RMB,RMB,1957-03-01,1965-01-06,The downloaded series had no rows inside the membership spell.
permno-20511-19570301,RMC,RMC,1957-03-01,1965-01-13,The downloaded series had no rows inside the membership spell.
spell-RRD-19960102,RRD,RRD,1996-01-02,2012-12-12,The downloaded series had no rows inside the membership spell.
permno-14189-19570301,RS,RS,1957-03-01,1984-07-18,The downloaded series had no rows inside the membership spell.
spell-RSHCQ-19960102,RSHCQ,RSHCQ,1996-01-02,2011-07-01,The downloaded series had no rows inside the membership spell.
permno-22381-19570301,RUP,RUP,1957-03-01,1963-09-04,The downloaded series had no rows inside the membership spell.
permno-17646-19570301,RVB,RVB,1957-03-01,1981-06-24,The downloaded series had no rows inside the membership spell.
permno-23050-19570301,RVS,RVS,1957-03-01,1982-06-30,The downloaded series had no rows inside the membership spell.
permno-19430-19570301,RXM,RXM,1957-03-01,1973-05-30,The downloaded series had no rows inside the membership spell.
spell-RYI-19960102,RYI,RYI,1996-01-02,1998-07-01,The downloaded series had no rows inside the membership spell.
permno-52062-19840412,RYN,RYN,1984-04-12,1986-12-03,The downloaded series had no rows inside the membership spell.
permno-17291-19570301,SA,SA,1957-03-01,1986-11-26,The downloaded series had no rows inside the membership spell.
permno-42999-19851212,SAA,SAA,1985-12-12,1986-08-20,The downloaded series had no rows inside the membership spell.
spell-SAI-19970717,SAI,SAI,1997-07-17,1999-01-04,The downloaded series had no rows inside the membership spell.
spell-SAPE-20000505,SAPE,SAPE,2000-05-05,2002-05-13,The downloaded series had no rows inside the membership spell.
spell-SBL-20001211,SBL,SBL,2000-12-11,2007-01-10,The downloaded series had no rows inside the membership spell.
spell-SBNY-20211220,SBNY,SBNY,2021-12-20,2023-03-15,The downloaded series had no rows inside the membership spell.
permno-24336-19570301,SCO,SCO,1957-03-01,1976-03-03,The downloaded series had no rows inside the membership spell.
permno-56186-19830203,SCV,SCV,1983-02-03,1984-10-03,The downloaded series had no rows inside the membership spell.
permno-25128-19570301,SDG,SDG,1957-03-01,1965-01-06,The downloaded series had no rows inside the membership spell.
spell-SEBL-20000505,SEBL,SEBL,2000-05-05,2006-02-01,The downloaded series had no rows inside the membership spell.
permno-48549-19700423,SED,SED,1970-04-23,1985-01-09,The downloaded series had no rows inside the membership spell.
spell-SEG-19960816,SEG,SEG,1996-08-16,2000-11-22,The downloaded series had no rows inside the membership spell.
permno-23528-19570301,SFC,SFC,1957-03-01,1969-03-26,The downloaded series had no rows inside the membership spell.
permno-46682-19680822,SFF,SFF,1968-08-22,1983-12-28,The downloaded series had no rows inside the membership spell.
permno-40723-19670727,SFN,SFN,1967-07-27,1985-02-06,The downloaded series had no rows inside the membership spell.
spell-SFS-19960102,SFS,SFS,1996-01-02,1997-07-28,The downloaded series had no rows inside the membership spell.
permno-66069-19831229,SFX,SFX,1983-12-29,1995-09-21,The downloaded series had no rows inside the membership spell.
spell-SGID-19960102,SGID,SGID,1996-01-02,2000-06-21,The downloaded series had no rows inside the membership spell.
spell-SGP-19960102,SGP,SGP,1996-01-02,2009-11-04,The downloaded series had no rows inside the membership spell.
permno-19385-19570301,SH,SH,1957-03-01,1968-09-10,The downloaded series had no rows inside the membership spell.
permno-24387-19600224,SHL,SHL,1960-02-24,1965-06-16,The downloaded series had no rows inside the membership spell.
spell-SHLD-20050328,SHLD,SHLD,2005-03-28,2012-09-05,The downloaded series had no rows inside the membership spell.
spell-SHN-19960102,SHN,SHN,1996-01-02,1997-01-02,The downloaded series had no rows inside the membership spell.
permno-14402-19630314,SIM,SIM,1963-03-14,1979-02-07,The downloaded series had no rows inside the membership spell.
spell-SIVB-20180319,SIVB,SIVB,2018-03-19,2023-03-15,The downloaded series had no rows inside the membership spell.
permno-14250-19570301,SJO,SJO,1957-03-01,1981-09-09,The downloaded series had no rows inside the membership spell.
permno-55351-19840216,SLC,SLC,1984-02-16,1987-12-09,The downloaded series had no rows inside the membership spell.
spell-SLR-19981231,SLR,SLR,1998-12-31,2007-10-02,The downloaded series had no rows inside the membership spell.
permno-45081-19671109,SLZ,SLZ,1967-11-09,1982-06-16,The downloaded series had no rows inside the membership spell.
permno-17013-19570301,SM,SM,1957-03-01,1965-11-03,The downloaded series had no rows inside the membership spell.
permno-24037-19570301,SMB,SMB,1957-03-01,1982-01-13,The downloaded series had no rows inside the membership spell.
permno-27473-19600622,SMF,SMF,1960-06-22,1988-02-10,The downloaded series had no rows inside the membership spell.
spell-SNI-20080701,SNI,SNI,2008-07-01,2018-03-07,The downloaded series had no rows inside the membership spell.
spell-SNV-19971201,SNV,SNV,1997-12-01,2008-01-02,The downloaded series had no rows inside the membership spell.
permno-21709-19610111,SOC,SOC,1961-01-11,1984-10-03,The downloaded series had no rows inside the membership spell.
permno-22138-19700305,SOO,SOO,1970-03-05,1976-06-30,The downloaded series had no rows inside the membership spell.
spell-SOTR-19990301,SOTR,SOTR,1999-03-01,2004-11-01,The downloaded series had no rows inside the membership spell.
spell-SOV-20040701,SOV,SOV,2004-07-01,2009-01-30,The downloaded series had no rows inside the membership spell.
permno-26446-19590527,SPK,SPK,1959-05-27,1970-10-28,The downloaded series had no rows inside the membership spell.
spell-SPLS-19981007,SPLS,SPLS,1998-10-07,2017-09-13,The downloaded series had no rows inside the membership spell.
permno-18032-19570301,SPP,SPP,1957-03-01,1995-12-12,The downloaded series had no rows inside the membership spell.
permno-20079-19570301,SQD,SQD,1957-03-01,1991-05-21,The downloaded series had no rows inside the membership spell.
spell-SRCL-20081119,SRCL,SRCL,2008-11-19,2018-12-03,The downloaded series had no rows inside the membership spell.
permno-40010-19640130,SRL,SRL,1964-01-30,1985-09-25,The downloaded series had no rows inside the membership spell.
permno-23325-19570301,SRT,SRT,1957-03-01,1984-11-21,The downloaded series had no rows inside the membership spell.
permno-24651-19680613,SRY,SRY,1968-06-13,1976-06-30,The downloaded series had no rows inside the membership spell.
permno-22402-19570301,ST,ST,1957-03-01,1972-02-18,The downloaded series had no rows inside the membership spell.
permno-39263-19630613,STA,STA,1963-06-13,1973-02-28,The downloaded series had no rows inside the membership spell.
permno-25216-19790726,STF,STF,1979-07-26,1985-04-10,The downloaded series had no rows inside the membership spell.
spell-STJ-19960102,STJ,STJ,1996-01-02,2017-01-05,The downloaded series had no rows inside the membership spell.
permno-23421-19570301,STN,STN,1957-03-01,1988-05-11,The downloaded series had no rows inside the membership spell.
spell-STR-20061201,STR,STR,2006-12-01,2010-07-01,The downloaded series had no rows inside the membership spell.
permno-14592-19570301,STY,STY,1957-03-01,1988-02-24,The downloaded series had no rows inside the membership spell.
spell-SUB-19980128,SUB,SUB,1998-01-28,2001-03-01,The downloaded series had no rows inside the membership spell.
spell-SUNEQ-20070531,SUNEQ,SUNEQ,2007-05-31,2011-12-19,The downloaded series had no rows inside the membership spell.
permno-14357-19570301,SUO,SUO,1957-03-01,1985-06-12,The downloaded series had no rows inside the membership spell.
permno-14664-19570301,SUS,SUS,1957-03-01,1966-06-01,The downloaded series had no rows inside the membership spell.
permno-39458-19680912,SVM,SVM,1968-09-12,1979-02-07,The downloaded series had no rows inside the membership spell.
spell-SWN-20080606,SWN,SWN,2008-06-06,2017-04-04,The downloaded series had no rows inside the membership spell.
spell-SWY-19981113,SWY,SWY,1998-11-13,2015-01-27,The downloaded series had no rows inside the membership spell.
permno-14496-19570301,SX,SX,1957-03-01,1983-12-28,The downloaded series had no rows inside the membership spell.
spell-SXCL-19991001,SXCL,SXCL,1999-10-01,2001-05-14,The downloaded series had no rows inside the membership spell.
permno-14525-19570301,SY,SY,1957-03-01,1986-09-17,The downloaded series had no rows inside the membership spell.
spell-SYMC-20030331,SYMC,SYMC,2003-03-31,2019-11-05,The downloaded series had no rows inside the membership spell.
permno-37102-19850926,SYN,SYN,1985-09-26,1994-06-06,The downloaded series had no rows inside the membership spell.
permno-14728-19600323,TCC,TCC,1960-03-23,1963-06-12,The downloaded series had no rows inside the membership spell.
spell-TDM-19960102,TDM,TDM,1996-01-02,1997-09-02,The downloaded series had no rows inside the membership spell.
spell-TE-20011010,TE,TE,2001-10-10,2016-07-01,The downloaded series had no rows inside the membership spell.
spell-TEG-20070222,TEG,TEG,2007-02-22,2015-06-30,The downloaded series had no rows inside the membership spell.
spell-TEN-19960102,TEN,TEN,1996-01-02,1999-11-05,The downloaded series had no rows inside the membership spell.
permno-27940-19661215,TET,TET,1966-12-15,1989-04-26,The downloaded series had no rows inside the membership spell.
permno-14859-19570301,TF,TF,1957-03-01,1981-06-24,The downloaded series had no rows inside the membership spell.
permno-28548-19621025,TFB,TFB,1962-10-25,1987-10-07,The downloaded series had no rows inside the membership spell.
permno-42462-19860508,TFD,TFD,1986-05-08,1986-08-06,The downloaded series had no rows inside the membership spell.
spell-THY-19960102,THY,THY,1996-01-02,1996-10-16,The downloaded series had no rows inside the membership spell.
permno-47300-19760701,TIC,TIC,1976-07-01,1993-12-30,The downloaded series had no rows inside the membership spell.
spell-TIF-20000621,TIF,TIF,2000-06-21,2021-01-07,The downloaded series had no rows inside the membership spell.
permno-26462-19700423,TIS,TIS,1970-04-23,1977-03-30,The downloaded series had no rows inside the membership spell.
permno-40221-19750306,TKA,TKA,1975-03-06,1991-05-06,The downloaded series had no rows inside the membership spell.
spell-TMC_A-19960102,TMC.A,TMC-A,1996-01-02,2000-06-13,The downloaded series had no rows inside the membership spell.
spell-TMK-19960102,TMK,TMK,1996-01-02,2019-08-08,The downloaded series had no rows inside the membership spell.
spell-TOS-19990920,TOS,TOS,1999-09-20,2001-09-17,The downloaded series had no rows inside the membership spell.
spell-TOY-19960102,TOY,TOY,1996-01-02,2005-07-22,The downloaded series had no rows inside the membership spell.
permno-20298-19570301,TR,TR,1957-03-01,1964-05-13,The downloaded series had no rows inside the membership spell.
permno-25574-19601214,TRA,TRA,1960-12-14,1984-02-29,The downloaded series had no rows inside the membership spell.
permno-57234-19851212,TRR,TRR,1985-12-12,1987-12-23,The downloaded series had no rows inside the membership spell.
permno-14779-19570301,TS,TS,1957-03-01,1963-01-16,The downloaded series had no rows inside the membership spell.
spell-TSG-20000316,TSG,TSG,2000-03-16,2007-04-02,The downloaded series had no rows inside the membership spell.
spell-TSS-20080102,TSS,TSS,2008-01-02,2019-09-23,The downloaded series had no rows inside the membership spell.
spell-TUP-19960531,TUP,TUP,1996-05-31,2004-03-25,The downloaded series had no rows inside the membership spell.
permno-16205-19570301,TV,TV,1957-03-01,1967-10-04,The downloaded series had no rows inside the membership spell.
permno-19617-19570301,TWA,TWA,1957-03-01,1976-06-30,The downloaded series had no rows inside the membership spell.
spell-TWC-20090330,TWC,TWC,2009-03-30,2016-05-18,The downloaded series had no rows inside the membership spell.
spell-TWTR-20180607,TWTR,TWTR,2018-06-07,2022-11-01,The downloaded series had no rows inside the membership spell.
permno-26788-19661215,TXG,TXG,1966-12-15,1983-10-19,The downloaded series had no rows inside the membership spell.
permno-41523-19810514,TXO,TXO,1981-05-14,1986-02-12,The downloaded series had no rows inside the membership spell.
spell-UAWGQ-19960102,UAWGQ,UAWGQ,1996-01-02,2002-05-15,The downloaded series had no rows inside the membership spell.
permno-48119-19741017,UC,UC,1974-10-17,1976-10-20,The downloaded series had no rows inside the membership spell.
permno-28265-19650617,UFL,UFL,1965-06-17,1973-05-30,The downloaded series had no rows inside the membership spell.
permno-24061-19570301,UGC,UGC,1957-03-01,1966-12-14,The downloaded series had no rows inside the membership spell.
permno-26323-19590729,UNA,UNA,1959-07-29,1967-05-17,The downloaded series had no rows inside the membership spell.
permno-42569-19670831,UNC,UNC,1967-08-31,1970-04-22,The downloaded series had no rows inside the membership spell.
permno-14904-19570301,UP,UP,1957-03-01,1969-07-15,The downloaded series had no rows inside the membership spell.
spell-UPC-19981001,UPC,UPC,1998-10-01,2004-07-01,The downloaded series had no rows inside the membership spell.
permno-26681-19800424,UPJ,UPJ,1980-04-24,1995-11-02,The downloaded series had no rows inside the membership spell.
spell-UPR-19961016,UPR,UPR,1996-10-16,2000-07-17,The downloaded series had no rows inside the membership spell.
permno-38930-19700423,URB,URB,1970-04-23,1974-06-19,The downloaded series had no rows inside the membership spell.
permno-19131-19570301,USG,USG,1957-03-01,1992-02-07,The downloaded series had no rows inside the membership spell.
permno-15042-19570301,USL,USL,1957-03-01,1969-02-12,The downloaded series had no rows inside the membership spell.
spell-UTX-19960102,UTX,UTX,1996-01-02,2020-04-03,The downloaded series had no rows inside the membership spell.
permno-15165-19570301,VC,VC,1957-03-01,1963-12-04,The downloaded series had no rows inside the membership spell.
permno-23448-19570301,VEL,VEL,1957-03-01,1983-05-19,The downloaded series had no rows inside the membership spell.
permno-27238-19680912,VEN,VEN,1968-09-12,1975-12-10,The downloaded series had no rows inside the membership spell.
spell-VIAB-20060103,VIAB,VIAB,2006-01-03,2019-12-05,The downloaded series had no rows inside the membership spell.
spell-VIAC-20191205,VIAC,VIAC,2019-12-05,2022-02-17,The downloaded series had no rows inside the membership spell.
spell-VO-19960102,VO,VO,1996-01-02,2000-12-11,The downloaded series had no rows inside the membership spell.
spell-VRTS-20000403,VRTS,VRTS,2000-04-03,2005-07-05,The downloaded series had no rows inside the membership spell.
spell-VSTNQ-20000629,VSTNQ,VSTNQ,2000-06-29,2006-01-03,The downloaded series had no rows inside the membership spell.
spell-VTSS-20001212,VTSS,VTSS,2000-12-12,2002-08-21,The downloaded series had no rows inside the membership spell.
spell-WAMUQ-19970702,WAMUQ,WAMUQ,1997-07-02,2008-09-30,The downloaded series had no rows inside the membership spell.
permno-65816-19800828,WAN,WAN,1980-08-28,1992-08-19,The downloaded series had no rows inside the membership spell.
spell-WBA-19960102,WBA,WBA,1996-01-02,2025-08-28,The downloaded series had no rows inside the membership spell.
spell-WCG-20180917,WCG,WCG,2018-09-17,2020-01-28,The downloaded series had no rows inside the membership spell.
spell-WCOEQ-19960401,WCOEQ,WCOEQ,1996-04-01,2002-05-15,The downloaded series had no rows inside the membership spell.
permno-22429-19570301,WD,WD,1957-03-01,1973-05-30,The downloaded series had no rows inside the membership spell.
permno-82705-19890406,WETT,WETT,1989-04-06,1992-10-29,The downloaded series had no rows inside the membership spell.
spell-WFM-20060103,WFM,WFM,2006-01-03,2017-08-28,The downloaded series had no rows inside the membership spell.
spell-WFT-20050722,WFT,WFT,2005-07-22,2009-02-26,The downloaded series had no rows inside the membership spell.
permno-19334-19570301,WH,WH,1957-03-01,1980-10-01,The downloaded series had no rows inside the membership spell.
permno-19238-19570301,WHX,WHX,1957-03-01,1985-04-17,The downloaded series had no rows inside the membership spell.
permno-15448-19570301,WIL,WIL,1957-03-01,1967-05-17,The downloaded series had no rows inside the membership spell.
permno-15341-19570301,WK,WK,1957-03-01,1968-06-11,The downloaded series had no rows inside the membership spell.
permno-19932-19570301,WKU,WKU,1957-03-01,1968-08-06,The downloaded series had no rows inside the membership spell.
spell-WLL-19960102,WLL,WLL,1996-01-02,2002-02-11,The downloaded series had no rows inside the membership spell.
spell-WLP-19990609,WLP,WLP,1999-06-09,2004-12-01,The downloaded series had no rows inside the membership spell.
spell-WLTW-20160105,WLTW,WLTW,2016-01-05,2022-01-10,The downloaded series had no rows inside the membership spell.
spell-WNDXQ-19960102,WNDXQ,WNDXQ,1996-01-02,2004-12-03,The downloaded series had no rows inside the membership spell.
permno-41427-19780511,WPM,WPM,1978-05-11,1989-04-05,The downloaded series had no rows inside the membership spell.
spell-WPX-20120103,WPX,WPX,2012-01-03,2014-03-24,The downloaded series had no rows inside the membership spell.
spell-WRK-20150702,WRK,WRK,2015-07-02,2024-07-08,The downloaded series had no rows inside the membership spell.
permno-39626-19640227,WS,WS,1964-02-27,1980-04-23,The downloaded series had no rows inside the membership spell.
permno-16088-19820114,WSW,WSW,1982-01-14,1986-05-07,The downloaded series had no rows inside the membership spell.
permno-15464-19570301,WTH,WTH,1957-03-01,1967-11-29,The downloaded series had no rows inside the membership spell.
permno-15237-19570301,WW,WW,1957-03-01,1972-01-19,The downloaded series had no rows inside the membership spell.
spell-WYE-19960102,WYE,WYE,1996-01-02,2009-10-16,The downloaded series had no rows inside the membership spell.
spell-WYND-20060801,WYND,WYND,2006-08-01,2018-05-31,The downloaded series had no rows inside the membership spell.
permno-11527-19570301,XA,XA,1957-03-01,1968-09-10,The downloaded series had no rows inside the membership spell.
spell-XEC-20140620,XEC,XEC,2014-06-20,2020-03-03,The downloaded series had no rows inside the membership spell.
spell-XL-20010904,XL,XL,2001-09-04,2018-09-12,The downloaded series had no rows inside the membership spell.
spell-XLNX-19991108,XLNX,XLNX,1999-11-08,2022-02-15,The downloaded series had no rows inside the membership spell.
spell-XTO-20041229,XTO,XTO,2004-12-29,2010-06-28,The downloaded series had no rows inside the membership spell.
permno-15480-19570301,YAT,YAT,1957-03-01,1963-10-30,The downloaded series had no rows inside the membership spell.
permno-15499-19570301,YB,YB,1957-03-01,1969-05-28,The downloaded series had no rows inside the membership spell.
spell-YNR-20000106,YNR,YNR,2000-01-06,2000-10-03,The downloaded series had no rows inside the membership spell.
spell-YRCW-19960102,YRCW,YRCW,1996-01-02,1996-11-04,The downloaded series had no rows inside the membership spell.
permno-10436-19570301,ZA,ZA,1957-03-01,1971-06-23,The downloaded series had no rows inside the membership spell.
permno-17128-19570301,ZB,ZB,1957-03-01,1986-05-07,The downloaded series had no rows inside the membership spell.
permno-18067-19570301,ZE,ZE,1957-03-01,1995-11-30,The downloaded series had no rows inside the membership spell.
permno-45970-19820311,ZRN,ZRN,1982-03-11,1995-12-19,The downloaded series had no rows inside the membership spell.
